control,protein,setting,model,stratum,n_variants,n_positions,positives,negatives,common_ids,available_ids,metric,effect,ci_low,ci_high,source_sha256,hash_validated,status,reason,evidence
function_score_source,CYP2C9,direct,ESM1v_single,primary,694,262,412,282,694.0,694.0,0.7942799265148284,0.0,,,3be0cc1eec7ef6b3da5da9289c22e1170758eaeaa773692741b554b83888be4b,True,PASS,"primary versus frozen function-file score AP delta=+0.000000; common IDs=694, primary IDs=694; source hash validated before use",results/metadata/task5_function_score_sensitivity.csv
function_score_source,PTEN,direct,ESM1v_single,primary,1361,288,212,1149,1361.0,1361.0,0.5426835991418608,0.0,,,3be0cc1eec7ef6b3da5da9289c22e1170758eaeaa773692741b554b83888be4b,True,PASS,"primary versus frozen function-file score AP delta=+0.000000; common IDs=1361, primary IDs=1361; source hash validated before use",results/metadata/task5_function_score_sensitivity.csv
function_score_source,CYP2C9,direct,ESM2_650M,primary,694,262,412,282,694.0,694.0,0.837551023491324,0.0,,,3be0cc1eec7ef6b3da5da9289c22e1170758eaeaa773692741b554b83888be4b,True,PASS,"primary versus frozen function-file score AP delta=+0.000000; common IDs=694, primary IDs=694; source hash validated before use",results/metadata/task5_function_score_sensitivity.csv
function_score_source,PTEN,direct,ESM2_650M,primary,1361,288,212,1149,1361.0,1361.0,0.5587357517342945,0.0,,,3be0cc1eec7ef6b3da5da9289c22e1170758eaeaa773692741b554b83888be4b,True,PASS,"primary versus frozen function-file score AP delta=+0.000000; common IDs=1361, primary IDs=1361; source hash validated before use",results/metadata/task5_function_score_sensitivity.csv
label_confidence,CYP2C9,descriptive,function_uncertainty_kind,primary,694,262,412,282,,,,,,,,,NOT_APPLICABLE,function_uncertainty_kind has {'missing': 694}; no within-protein confidence-regime comparison is available,results/metadata/task2_counts.csv
label_confidence,CYP2C9,descriptive,abundance_uncertainty_kind,primary,694,262,412,282,,,,,,,,,NOT_APPLICABLE,abundance_uncertainty_kind has {'missing': 694}; no within-protein confidence-regime comparison is available,results/metadata/task2_counts.csv
model_coverage,CYP2C9,direct,ESM1v_single,primary,694,262,412,282,694.0,694.0,0.7942799265148284,0.0,,,,,PASS,common IDs=694; available-case IDs=694; coverage=100.000%; AP delta=0.000000,results/metadata/score_coverage.csv
model_coverage,CYP2C9,direct,ESM2_650M,primary,694,262,412,282,694.0,694.0,0.837551023491324,0.0,,,,,PASS,common IDs=694; available-case IDs=694; coverage=100.000%; AP delta=0.000000,results/metadata/score_coverage.csv
label_confidence,PTEN,descriptive,function_uncertainty_kind,primary,1361,288,212,1149,,,,,,,,,NOT_APPLICABLE,function_uncertainty_kind has {'point-estimate high-confidence author score': 1361}; no within-protein confidence-regime comparison is available,results/metadata/task2_counts.csv
label_confidence,PTEN,descriptive,abundance_uncertainty_kind,primary,1361,288,212,1149,,,,,,,,,NOT_APPLICABLE,abundance_uncertainty_kind has {'point-estimate author category': 1361}; no within-protein confidence-regime comparison is available,results/metadata/task2_counts.csv
model_coverage,PTEN,direct,ESM1v_single,primary,1361,288,212,1149,1361.0,1361.0,0.5426835991418608,0.0,,,,,PASS,common IDs=1361; available-case IDs=1361; coverage=100.000%; AP delta=0.000000,results/metadata/score_coverage.csv
model_coverage,PTEN,direct,ESM2_650M,primary,1361,288,212,1149,1361.0,1361.0,0.5587357517342945,0.0,,,,,PASS,common IDs=1361; available-case IDs=1361; coverage=100.000%; AP delta=0.000000,results/metadata/score_coverage.csv
structure_missingness,CYP2C9,within,B3,primary,637,238,405,232,637.0,694.0,0.6891038234561926,0.0016652729016712886,,,,,PASS,"complete-case retraining on same frozen folds; n_complete=637, n_imputed=694, AP delta=+0.001665",D:\protein_assay_work\release_artifacts\task5_complete_case_oof_predictions.csv
structure_missingness,CYP2C9,within,B4,primary,637,238,405,232,637.0,694.0,0.6925060126485103,-0.004536625727005528,,,,,PASS,"complete-case retraining on same frozen folds; n_complete=637, n_imputed=694, AP delta=-0.004537",D:\protein_assay_work\release_artifacts\task5_complete_case_oof_predictions.csv
structure_missingness,PTEN,within,B3,primary,839,205,173,666,839.0,1361.0,0.49244126949001776,0.03975542492177131,,,,,PASS,"complete-case retraining on same frozen folds; n_complete=839, n_imputed=1361, AP delta=+0.039755",D:\protein_assay_work\release_artifacts\task5_complete_case_oof_predictions.csv
structure_missingness,PTEN,within,B4,primary,839,205,173,666,839.0,1361.0,0.5302243385515435,0.052843364310853735,,,,,PASS,"complete-case retraining on same frozen folds; n_complete=839, n_imputed=1361, AP delta=+0.052843",D:\protein_assay_work\release_artifacts\task5_complete_case_oof_predictions.csv
study_system,CYP2C9,descriptive,assay_system,primary,694,262,412,282,,,,,,,,,NOT_APPLICABLE,"systems enumerated ([{'role': 'abundance', 'host_system': 'HEK293T Bxb1 landing-pad cells', 'assay_id': 'CP2C9_HUMAN_Amorosi_2021_abundance'}, {'role': 'function', 'host_system': 'engineered Saccharomyces cerevisiae', 'assay_id': 'CP2C9_HUMAN_Amorosi_2021_activity'}]); system and assay role are confounded",results/metadata/assay_inventory.csv
study_system,PTEN,descriptive,assay_system,primary,1361,288,212,1149,,,,,,,,,NOT_APPLICABLE,"systems enumerated ([{'role': 'abundance', 'host_system': 'HEK293-derived human cells', 'assay_id': 'PTEN_HUMAN_Matreyek_2021'}, {'role': 'function', 'host_system': 'YPH-499 Saccharomyces cerevisiae growth complementation', 'assay_id': 'PTEN_HUMAN_Mighell_2018'}]); system and assay role are confounded",results/metadata/assay_inventory.csv
proximity_4A,CYP2C9,descriptive,site_distance,primary,6,3,4,2,,,0.6666666666666666,0.07300672430355426,,,,,PASS,descriptive near phenotype rate=0.666667 versus all-cohort rate=0.593660; difference=+0.073007; denominator n=6,D:\protein_assay_work\release_artifacts\task5_structure_mapping.csv
proximity_5A,CYP2C9,descriptive,site_distance,primary,6,3,4,2,,,0.6666666666666666,0.07300672430355426,,,,,PASS,descriptive near phenotype rate=0.666667 versus all-cohort rate=0.593660; difference=+0.073007; denominator n=6,D:\protein_assay_work\release_artifacts\task5_structure_mapping.csv
proximity_8A,CYP2C9,descriptive,site_distance,primary,40,14,35,5,,,0.875,0.28134005763688763,,,,,PASS,descriptive near phenotype rate=0.875000 versus all-cohort rate=0.593660; difference=+0.281340; denominator n=40,D:\protein_assay_work\release_artifacts\task5_structure_mapping.csv
proximity_4A,PTEN,descriptive,site_distance,primary,45,10,31,14,,,0.6888888888888889,0.5331210711078456,,,,,PASS,descriptive near phenotype rate=0.688889 versus all-cohort rate=0.155768; difference=+0.533121; denominator n=45,D:\protein_assay_work\release_artifacts\task5_structure_mapping.csv
proximity_5A,PTEN,descriptive,site_distance,primary,56,13,36,20,,,0.6428571428571429,0.4870893250760996,,,,,PASS,descriptive near phenotype rate=0.642857 versus all-cohort rate=0.155768; difference=+0.487089; denominator n=56,D:\protein_assay_work\release_artifacts\task5_structure_mapping.csv
proximity_8A,PTEN,descriptive,site_distance,primary,120,27,75,45,,,0.625,0.4692321822189567,,,,,PASS,descriptive near phenotype rate=0.625000 versus all-cohort rate=0.155768; difference=+0.469232; denominator n=120,D:\protein_assay_work\release_artifacts\task5_structure_mapping.csv
permuted_labels,CYP2C9,direct,ESM1v_single_impairment,primary,694,262,412,282,,,0.6255067378222289,0.1687731886925995,,,fda5485f12a0db3b6c65acb5b2aa65d672c59e3236f6c22b93a16454f5f13f18,True,PASS,"Task 4 equal-size position-block null: observed AP=0.794280, null mean=0.625507, effect=+0.168773; external draw hash verified",results/metadata/task4_observed_permutation_summary.csv
permuted_labels,CYP2C9,direct,ESM2_650M_impairment,primary,694,262,412,282,,,0.6233495656042258,0.2142014578870982,,,fda5485f12a0db3b6c65acb5b2aa65d672c59e3236f6c22b93a16454f5f13f18,True,PASS,"Task 4 equal-size position-block null: observed AP=0.837551, null mean=0.623350, effect=+0.214201; external draw hash verified",results/metadata/task4_observed_permutation_summary.csv
permuted_labels,PTEN,direct,ESM1v_single_impairment,primary,1361,288,212,1149,,,0.1776810467956398,0.36500255234622103,,,fda5485f12a0db3b6c65acb5b2aa65d672c59e3236f6c22b93a16454f5f13f18,True,PASS,"Task 4 equal-size position-block null: observed AP=0.542684, null mean=0.177681, effect=+0.365003; external draw hash verified",results/metadata/task4_observed_permutation_summary.csv
permuted_labels,PTEN,direct,ESM2_650M_impairment,primary,1361,288,212,1149,,,0.1892616258166912,0.36947412591760326,,,fda5485f12a0db3b6c65acb5b2aa65d672c59e3236f6c22b93a16454f5f13f18,True,PASS,"Task 4 equal-size position-block null: observed AP=0.558736, null mean=0.189262, effect=+0.369474; external draw hash verified",results/metadata/task4_observed_permutation_summary.csv
opposite_or_no_improvement,CYP2C9,within-protein,B4-B2,primary,694,262,412,282,,,-0.08678827651790105,-0.08678827651790105,-0.16272524351396425,-0.011728200796578917,,,PASS,"paired B4-B2 AP effect retained, including negative or zero effects",results/metadata/task5_paired_bootstrap_summary.csv
opposite_or_no_improvement,PTEN,within-protein,B4-B2,primary,1361,288,212,1149,,,-0.020925080961675308,-0.020925080961675308,-0.11572997475470462,0.07097555998524709,,,PASS,"paired B4-B2 AP effect retained, including negative or zero effects",results/metadata/task5_paired_bootstrap_summary.csv
opposite_or_no_improvement,CYP2C9,held-out protein,B4-B2,primary,694,262,412,282,,,-0.00438448926421855,-0.00438448926421855,-0.035645447805388586,0.025207834438653445,,,PASS,"paired B4-B2 AP effect retained, including negative or zero effects",results/metadata/task5_paired_bootstrap_summary.csv
opposite_or_no_improvement,PTEN,held-out protein,B4-B2,primary,1361,288,212,1149,,,0.006846628451530098,0.006846628451530098,-0.040897190166749114,0.05023311411347278,,,PASS,"paired B4-B2 AP effect retained, including negative or zero effects",results/metadata/task5_paired_bootstrap_summary.csv
threshold_alternatives,CYP2C9,all,frozen,primary,694,262,412,282,,,,,,,,,NOT_APPLICABLE,NOT_RUN_POST_HOC: no alternative threshold was frozen before Task 4,config/analysis_freeze.yaml
threshold_alternatives,PTEN,all,frozen,primary,1361,288,212,1149,,,,,,,,,NOT_APPLICABLE,NOT_RUN_POST_HOC: no alternative threshold was frozen before Task 4,config/analysis_freeze.yaml
